Key,Mesor,Amplitude,Acrophase_hours,R_squared,R_squared_pct,N
A_B2,127.15863764061116,26.63550228992969,13.044029300862714,0.14850723106057517,14.850723106057517,28347
