Key,Mesor,Amplitude,Acrophase_hours,R_squared,R_squared_pct,N
D_B2,95.71596792389836,4.083804055603452,17.63004323688871,0.0022403423923854637,0.22403423923854637,15122
