Key,Mesor,Amplitude,Acrophase_hours,R_squared,R_squared_pct,N
F_B1,189.82580079757372,5.731722988130118,9.36871719580255,0.002820902150672322,0.2820902150672322,9601
