Key,Mesor,Amplitude,Acrophase_hours,R_squared,R_squared_pct,N
G_A2,79.22667844188568,50.35647722542927,18.462860001072062,0.15043111412057708,15.043111412057709,3922
