Key,Mesor,Amplitude,Acrophase_hours,R_squared,R_squared_pct,N
D_B1,119.52733274116561,9.26994437974177,2.171806677640965,0.008973716966268475,0.8973716966268475,15122
