Key,Mesor,Amplitude,Acrophase_hours,R_squared,R_squared_pct,N
B_B2,145.07355716151986,7.397041005672117,10.848061622121298,0.003530800102870768,0.3530800102870768,32356
